url,label
https://www.wish.com/search/,0
https://offer.alibaba.com/,0
https://store.steampowered.com/,0
https://www.netflix.com/,0
https://www.bet365.com,0
https://www.paypal.com/au/webapps/,0
https://www.apple.com/au/?afid=p238,0
https://www.chase.com/,0
https://www.bankofamerica.com/,0
https://www.office.com/,0
https://www.wellsfargo.com/,0
https://www.ing.com.au,0
https://www.ebay.com,0
https://www.facebook.com/,0
https://www.whatsapp.com/,0
https://onedrive.live.com/,0
https://outlook.office.com,0
https://mail.google.com/mail/u/0/,0
https://www.lloydsbank.com/,0
https://www.paypal.com/au/home,0
https://outlook.live.com/owa/,0
https://www.microsoft.com/en-au/microsoft-365?rtc=1,0
https://www.bankofscotland.co.uk/,0
https://www.amazon.com/E-Commerce/b?ie=UTF8&node=379367011,0
https://intl.cloud.tencent.com/,0
https://www.instagram.com/?hl=en,0
https://www.microsoft.com/en-au/microsoft-365/onedrive/online-cloud-storage,0
https://www.adobe.com/au/,0
https://www.ebayinc.com/,0
https://www.hsbc.com.au/,0
https://www.gov.uk/government/organisations/hm-revenue-customs,0
https://ee.co.uk/,0
https://www.credit-agricole.com/en,0
https://www.dhl.com/us-en/home/our-divisions/global-forwarding/air-freight.html,0
https://www.orange.com/en,0
http://www.Jbhifi.com.au ,0
http://www.Bunnings.com.au,0
http://www.Woolworths.com.au,0
http://www.Kogan.com,0
http://www.Kmart.com.au ,0
http://www.Coles.com.au ,0
http://www.Officeworks.com.au ,0
http://www.Harveynorman.com.au ,0
http://www.Bigw.com.au ,0
http://www.Target.com.au ,0
http://www.ozbargain.com.au ,0
http://amazon.co.jp,0
http://rakuten.co.jp,0
http://amazon.de,0
http://taobao.com,0
http://aliexpress.com,0
http://amazon.co.uk,0
http://craigslist.org,0
http://walmart.com,0
http://amazon.in,0
http://ebay.co.uk,0
http://jd.com,0
http://mercadolivre.com.br,0
http://avito.ru,0
http://etsy.com,0
http://ebay.de,0
http://flipkart.com,0
http://allegro.pl,0
http://amazon.fr,0
http://tmall.com,0
http://amazon.it,0
http://leboncoin.fr,0
http://alibaba.com,0
http://amazon.es,0
http://mercadolibre.com.ar,0
http://pinduoduo.com,0
http://target.com,0
http://amazon.ca,0
http://shopping.naver.com,0
http://kakaku.com,0
http://olx.pl,0
http://sahibinden.com,0
http://mercadolibre.com.mx,0
http://olx.com.br,0
http://market.yandex.ru,0
http://shopping.yahoo.co.jp,0
http://wish.com,0
http://americanas.com.br,0
http://wildberries.ru,0
http://coupang.com,0
http://mercari.com,0
http://wayfair.com,0
http://hepsiburada.com,0
http://ebaydesc.com,0
http://ticketmaster.com,0
http://shopee.co.id,0
http://tokopedia.com,0
http://n11.com,0
http://olx.ua,0
http://gmarket.co.kr,0
http://dmm.com,0
http://11st.co.kr,0
http://ebay.it,0
http://bol.com,0
http://auction.co.kr,0
http://ebay.com.au,0
http://subito.it,0
http://slickdeals.net,0
http://kijiji.ca,0
http://cdiscount.com,0
http://ozon.ru,0
http://eventbrite.com,0
http://amazon.com.br,0
http://milanuncios.com,0
http://ceneo.pl,0
http://costco.com,0
http://kohls.com,0
http://shopee.tw,0
http://magazineluiza.com.br,0
http://ebay.fr,0
http://marktplaats.nl,0
http://rakuten.com,0
http://idealo.de,0
http://dpoint.jp,0
http://shopee.vn,0
http://argos.co.uk,0
http://groupon.com,0
http://otomoto.pl,0
http://otto.de,0
http://gittigidiyor.com,0
http://prom.ua,0
http://tmon.co.kr,0
http://dns-shop.ru,0
http://amzn.to,0
http://gumtree.com,0
http://finn.no,0
http://poshmark.com,0
http://amazon.com.mx,0
http://bukalapak.com,0
http://rozetka.com.ua,0
http://58.com,0
http://casasbahia.com.br,0
http://banggood.com,0
http://rakuten.ne.jp,0
http://mercadolibre.com.co,0
http://ruten.com.tw,0
http://www.three.co.uk/,0
https://www.apple.com/au/,0
https://www.google.com/,0
https://www.g2a.com,0
https://www.docusign.com.au/,0
https://www.impots.gouv.fr/portail/,0
https://www3.mtb.com/,0
https://corporate.comcast.com/,0
https://www.atb.com/personal/,0
https://www.dropbox.com/?landing=dbv2,0
https://squareup.com/au/en,0
https://www.westernunion.com/,0
https://www.currencyfair.com/,0
https://www.bnpparibas.com.au/en/,0
https://www.desjardins.com/ca/index.jsp,0
https://www.cibc.com/en/personal-banking.html,0
https:// chase.com ,0
https:// wellsfargo.com ,0
https:// bankofamerica.com ,0
https:// capitalone.com ,0
https:// sberbank.ru ,0
https:// bancoestado.cl ,0
https:// americanexpress.com ,0
https:// onlinesbi.com ,0
https:// citi.com ,0
https:// creditkarma.com ,0
https:// royalbank.com ,0
https:// td.com ,0
https:// hdfcbank.com ,0
https:// spectrum.net ,0
https:// syf.com ,0
https:// serasa.com.br ,0
https:// usbank.com ,0
https:// commbank.com.au ,0
https:// lloydsbank.co.uk ,0
https:// maybank2u.com.my ,0
https:// tinkoff.ru ,0
https:// icicibank.com ,0
https:// bb.com.br ,0
https:// mirconnect.ru ,0
https:// santander.co.uk ,0
https:// scotiabank.com ,0
https:// mbank.pl ,0
https:// rakuten-bank.co.jp ,0
https:// rabobank.nl ,0
https:// westpac.com.au ,0
https:// ibanking-services.com ,0
https:// itau.com.br ,0
https:// halifax-online.co.uk ,0
https:// cibc.com ,0
https:// netteller.com ,0
https:// pnc.com ,0
https:// postbank.de ,0
https:// citibankonline.com ,0
https:// ipko.pl ,0
https:// santander.com.br ,0
https:// transbank.cl ,0
https:// bmo.com ,0
https:// navyfederal.org ,0
https:// comdirect.de ,0
https:// barclays.co.uk ,0
https:// centrum24.pl ,0
https:// rbcroyalbank.com ,0
https:// transferwise.com ,0
https:// healthy.kaiserpermanente.org ,0
https:// anz.com ,0
https://www.ray-ban.com/,0
https:// amazon.com ,0
https:// ebay.com ,0
https:// amazon.de ,0
https:// rakuten.co.jp ,0
https:// amazon.co.jp ,0
https:// amazon.co.uk ,0
https:// aliexpress.com ,0
https:// walmart.com ,0
https:// etsy.com ,0
https:// craigslist.org ,0
https:// ebay.co.uk ,0
https:// mercadolivre.com.br ,0
https:// taobao.com ,0
https:// amazon.fr ,0
https:// target.com ,0
https:// amazon.in ,0
https:// ebay.de ,0
https:// avito.ru ,0
https:// allegro.pl ,0
https:// amazon.it ,0
https:// amazon.ca ,0
https:// jd.com ,0
https:// tmall.com ,0
https:// amazon.es ,0
https:// mercadolibre.com.ar ,0
https:// wildberries.ru ,0
https:// ebay-kleinanzeigen.de ,0
https:// leboncoin.fr ,0
https:// flipkart.com ,0
https:// mercadolibre.com.mx ,0
https:// olx.com.br ,0
https:// wish.com ,0
https:// market.yandex.ru ,0
https:// aliexpress.ru ,0
https:// sahibinden.com ,0
https:// americanas.com.br ,0
https:// shopee.co.id ,0
https:// kohls.com ,0
https:// pinduoduo.com ,0
https:// wayfair.com ,0
https:// olx.pl ,0
https:// bol.com ,0
https:// ozon.ru ,0
https:// tokopedia.com ,0
https:// costco.com ,0
https:// kakaku.com ,0
https:// shopping.yahoo.co.jp ,0
https:// amazon.com.br ,0
https:// mercari.com ,0
https:// alibaba.com ,0
https:// chase.com ,0
https:// wellsfargo.com ,0
https:// bankofamerica.com ,0
https:// capitalone.com ,0
https:// sberbank.ru ,0
https:// bancoestado.cl ,0
https:// americanexpress.com ,0
https:// onlinesbi.com ,0
https:// citi.com ,0
https:// creditkarma.com ,0
https:// royalbank.com ,0
https:// td.com ,0
https:// hdfcbank.com ,0
https:// spectrum.net ,0
https:// syf.com ,0
https:// serasa.com.br ,0
https:// usbank.com ,0
https:// commbank.com.au ,0
https:// lloydsbank.co.uk ,0
https:// maybank2u.com.my ,0
https:// tinkoff.ru ,0
https:// icicibank.com ,0
https:// bb.com.br ,0
https:// mirconnect.ru ,0
https:// santander.co.uk ,0
https:// scotiabank.com ,0
https:// mbank.pl ,0
https:// rakuten-bank.co.jp ,0
https:// rabobank.nl ,0
https:// westpac.com.au ,0
https:// ibanking-services.com ,0
https:// itau.com.br ,0
https:// halifax-online.co.uk ,0
https:// cibc.com ,0
https:// netteller.com ,0
https:// pnc.com ,0
https:// postbank.de ,0
https:// citibankonline.com ,0
https:// ipko.pl ,0
https:// santander.com.br ,0
https:// transbank.cl ,0
https:// bmo.com ,0
https:// navyfederal.org ,0
https:// comdirect.de ,0
https:// barclays.co.uk ,0
https:// centrum24.pl ,0
https:// rbcroyalbank.com ,0
https:// transferwise.com ,0
https:// healthy.kaiserpermanente.org ,0
https:// anz.com ,0
https://www.commbank.com.au/,0
https://www.anz.com.au/personal/,0
https://www.abnamro.com/app#/en/home,0
https://www.nab.com.au/,0
https://www.allbankonline.in/jsp/disclaimer.jsp,0
https://alleninvestments.com/,0
https://www.bofaml.com/content/boaml/en_us/home.html,0
https://www.investmentbank.barclays.com/,0
https://www.bbt.com/,0
https://www.westpac.com.au/,0
https://www.boq.com.au/,0
https://store.steampowered.com/,0
https://www.netflix.com/au/,0
https://www.paypal.com/au/webapps/,0
https://www.apple.com/au/?afid=p238,0
https://www.chase.com/,0
https://www.bankofamerica.com/,0
https://www.office.com/,0
https://www.wellsfargo.com/,0
https://www.ing.com.au,0
https://www.ebay.com,0
https://www.itau.com,0
http://www.adcb.com,0
http://www.adcb.com/en/islamic,0
http://www.nainitalbank.co.in/english/home.aspx,0
http://www.nasikonline.com,0
http://www.nasikonline.com#warning,0
http://adelaide.edu.au,0
